day,sentiment_mean,sentiment_std,subjectivity_mean,subjectivity_std,counting
2025-12-09,-2.616631433786541,1.0,2.293137671352613,1.0,1.0
2025-12-15,-0.06926201367125534,1.451627515546424,-0.08273543663098748,1.5739760608921836,2.0
2025-12-16,-0.45182914774505156,1.249586126284849,1.0453693524946956,0.27408137217116124,3.0
2025-12-17,-0.5802098613702252,1.0,1.0156379506943816,1.0,1.0
2025-12-18,1.4437643297580316,1.0,1.264809722835151,1.0,1.0
2025-12-19,-0.6277746522005891,1.0,-0.989010312726455,1.0,1.0
2025-12-20,-1.8584576070038261,1.0,1.4880535680688567,1.0,1.0
2025-12-23,1.094955838554015,1.214593918629369,0.24933317011848524,0.5380828987909504,3.0
2025-12-24,-0.36460522082645486,0.268644058826058,0.5014739764356508,0.9229054987481344,2.0
2025-12-26,-0.5344812748665165,0.238674076825026,-1.0642844290110203,0.9278734495838673,2.0
2025-12-29,-0.40647141290978617,1.0,-0.4517069296901504,1.0,1.0
2025-12-30,-2.13349453580332,0.9126040630824943,1.006384370606548,0.30355252602920657,2.0
2025-12-31,0.36364125421747523,1.0,0.15997334046425737,1.0,1.0
2026-01-01,-0.21798833918862878,1.0,-0.08424148794719732,1.0,1.0
2026-01-02,-1.7741950313499033,0.5091704679544129,1.4449468914390846,0.13678323920840113,2.0
2026-01-03,-2.020506848002989,1.0,0.7595447404385904,1.0,1.0
2026-01-04,2.6562592419743885,1.0,1.3534041307074245,1.0,1.0
2026-01-05,-1.1905964834891378,0.6778596947627767,-0.13236129964259313,1.1433011021530035,4.0
2026-01-06,0.25777722177456064,1.2798444831568379,-1.025563844187888,0.380909597803737,4.0
2026-01-07,-1.0920388924202873,1.2139735432293737,0.4819177782202522,1.5028760373341878,7.0
2026-01-08,-0.48123970529699395,1.6661907631969979,0.8270788390465867,0.7782550944522283,10.0
2026-01-09,-0.5469481303102262,0.9084875008130058,-0.13072319721530878,1.5251647839769344,5.0
2026-01-10,-1.4809250745472868,0.8988566861018784,0.762071491905729,0.08452215868693141,2.0
2026-01-11,-0.7053229231094965,0.47263302953503095,0.4762316974437497,1.3744508315632582,4.0
2026-01-12,-1.700126172136796,1.5697357466025208,0.6154230478402688,1.539514417976026,8.0
2026-01-13,-0.22319063424028057,1.1909221944644237,-0.28269210488369356,0.8682349026634788,4.0
2026-01-14,-0.9036697208879083,1.0228570370835486,1.0968145168520378,1.636882854862956,5.0
2026-01-15,-0.4419095325853359,1.0587717921420454,0.0880556951866161,0.7580532735386596,12.0
2026-01-16,-0.6671448775440915,1.5344576383972333,-0.3008971192280497,1.6246308197592407,3.0
2026-01-17,0.07217031346091182,0.5329867568000304,0.8696385533417372,0.46725844177482423,4.0
2026-01-18,-0.34060603684082785,1.410173541146998,0.4217040195978638,1.0994023619401438,4.0
2026-01-19,-0.30274751320386534,0.08251926691260725,0.3352302491812499,0.21633653650790866,2.0
2026-01-20,-0.40379455160118055,0.8628810882989048,0.11411624907061801,1.2494887134076247,3.0
2026-01-21,0.5037502458790662,1.0668154485620218,-0.5706361387496797,1.5299210153887486,3.0
2026-01-22,0.17597108473848153,0.9550114198577419,-0.01970878817037356,1.0605097972828164,5.0
2026-01-23,0.15315448136990664,1.2736735733181352,1.0317157572191453,0.21354451688605003,5.0
2026-01-24,0.29573212203617033,0.8460768714273015,-0.13101785445955402,1.0283608899383962,3.0
2026-01-25,-0.2732864782638619,0.9886452011764776,0.09452052057451477,1.0748865009227404,4.0
2026-01-26,0.4439033865228896,2.2792347470608494,0.5530409901171538,2.0751545147508788,6.0
2026-01-27,-1.384555982291275,1.454300913815136,0.12281811218693614,1.0033308772997591,8.0
2026-01-28,-1.5835229393573864,1.7871204445759254,0.8061351695557954,2.0777689553579237,2.0
2026-01-29,-0.009842674952600864,0.8936169337619625,0.1260483681137427,1.007298462716498,6.0
2026-01-30,-1.4605006816499497,2.007331692127669,1.8985755868359895,1.1977224340051624,3.0
2026-01-31,-0.8882865977530299,1.0295353525622197,0.49543872178264214,0.7164882380469453,5.0
2026-02-01,0.4364519984509811,1.3795725776834826,-0.19046147684271192,1.3044886078374696,8.0
2026-02-02,-0.09779167188630083,1.1350121674417553,0.27577715962211624,0.5993624009563473,4.0
2026-02-03,3.1308644557400633,1.0,2.6519887508851605,1.0,1.0
2026-02-05,-0.4781392143283154,0.6160285585902002,-1.0441693557522063,0.45004681291294946,3.0
2026-02-07,-0.08049429265690307,0.8344423196518194,0.8031594683361462,1.5897680285435198,3.0
2026-02-08,-0.38050930562809687,0.9311618012073777,1.0749512197848237,0.6113210593643751,2.0
2026-02-09,0.48584086014987055,0.5381718152140442,-1.0054219788918604,1.4095283980880597,2.0
2026-02-10,-0.15534779784781602,0.32288216541023884,-0.11817779264272583,1.280115712249853,5.0
2026-02-11,0.19076590522528541,0.4500570327089466,-0.17146692240861008,1.0418912026470366,4.0
2026-02-12,0.36194173033155796,0.5856437710645731,-0.896874567279473,0.7016591542525344,2.0
2026-02-13,-0.11850659871469749,1.6134909177524208,-0.23870967363850226,0.10545577518870926,2.0
2026-02-14,-0.14979840585546958,0.910364452271518,0.23976167977672436,1.1105263030438897,5.0
2026-02-15,-0.31258038171381297,0.4601101727429628,-0.06765030415692283,1.533080037286818,7.0
2026-02-16,0.06476210836405247,0.6512270885011083,-0.9825738238435096,0.8628060314529499,7.0
2026-02-17,-0.2670985694979245,0.835820800164509,-0.4782920094066906,1.3830360756160414,5.0
2026-02-18,0.00274262299165845,0.6676680930217628,-0.22947270063587077,0.5954846562616583,4.0
2026-02-19,0.29180901293833816,0.49108797899787654,-0.6197364783854183,1.0748087900723537,6.0
2026-02-20,-1.1114076110736053,1.3506986816014253,0.2256421312734386,1.59202979181618,3.0
2026-02-21,-0.04459158829658197,0.4561024095157376,-1.2438235881138522,2.716827406804151,2.0
2026-02-22,0.182814069803215,1.0939007318513163,-0.2763231830020506,0.8726350111134323,5.0
2026-02-23,0.2502602987213741,0.9964597671162257,-1.1843832445575082,0.5984868408771987,4.0
2026-02-24,-0.08907227906120424,0.7495040703419832,0.10569955317290425,1.7018750288026194,2.0
2026-02-25,-1.1246886847858089,0.54426838126898,-0.06232578957982604,0.6811223664986158,3.0
2026-02-26,-0.2969643047339923,0.566266478011295,-1.1387280691327415,0.5630357375648272,3.0
2026-02-27,0.9217760950497554,1.0609681928227925,-0.031034477283771334,0.8194969244295991,5.0
2026-02-28,-0.37741502586687703,1.0988779182572475,0.426524689418705,1.0540699469035508,2.0
2026-03-03,-0.050596838579462546,0.3137327901241967,0.03530742855891154,0.40813759255661713,3.0
2026-03-04,0.9119088377991961,1.0,-0.11453455509047769,1.0,1.0
2026-03-05,0.469011067511397,0.9067260838104153,0.560976371405422,1.5721731214820462,6.0
2026-03-06,-0.4959952850870601,0.6165935565888226,-1.0714871552507315,1.5537963947804931,3.0
2026-03-07,0.029330083873841818,0.33405580954045494,-0.7052796578063932,1.0042013214885586,5.0
2026-03-08,0.3601004201795293,0.6522967028686771,-0.1035194372724999,0.5256185796669346,6.0
2026-03-09,0.36241704575638933,1.123742565716267,0.3917508055663414,1.051602228723503,5.0
2026-03-10,0.4143725042371563,1.1810729916899139,-0.11618105532073027,0.7168755453295172,5.0
2026-03-11,1.3228806706626055,1.4764307708024724,1.0049711456340025,0.802131958709694,3.0
2026-03-12,-1.1263319765443298,2.157846550476679,0.3923358094158766,1.4410732078910153,7.0
2026-03-13,0.45706083919442114,1.1990569240356288,0.3204812946409076,1.1678694778224603,4.0
2026-03-14,0.02130760338755551,1.0,-1.1957045827131407,1.0,1.0
2026-03-15,0.6476818116361807,1.0,0.12046528781828363,1.0,1.0
2026-03-16,0.2322237622187435,0.24760049174327547,-0.5184883204726599,1.0366055017917597,3.0
2026-03-17,-0.6895368608761897,2.364774675718854,0.10596322700585781,1.4822421646560946,2.0
2026-03-18,-0.20594864099450322,0.4594815444600699,-0.813700919600777,1.1875066692321294,4.0
2026-03-19,0.5014224146638658,0.16413047477415163,-0.7172540368758286,0.14963994824385002,3.0
2026-03-20,0.3525550694518763,1.3033346077872863,0.21842451777435157,0.5444051629281882,5.0
2026-03-21,-0.047399228162518015,0.6748235927448828,-0.4579991461583519,0.42179069488241155,2.0
2026-03-22,0.21410358964850829,0.143045098938977,-1.4274359202197238,0.40159810930932055,2.0
2026-03-23,1.3935454697794272,1.4171979942131214,1.2384871002477618,1.5377251024073755,3.0
2026-03-24,0.15122375775249916,0.13918236600363204,-0.23714234812448773,0.4013240577889615,2.0
2026-03-25,-0.47682529043590427,0.5550340500618679,-0.7505169242802792,0.24733909528305736,2.0
2026-03-26,0.20228863566235403,1.08140718481786,0.017245496722461468,0.9495510136438322,3.0
2026-03-27,-0.542913368199927,1.1614776552956985,-0.594207395496613,0.2959396892109185,5.0
2026-03-28,0.16577562053677786,0.7248332172545738,0.31109947151440637,1.4647027374712307,6.0
2026-03-29,1.3254170247574373,1.9128643391297513,0.6381378346625664,0.5545073038765802,2.0
2026-03-30,0.09153816055383279,0.9886054429965491,-0.15943133294846987,0.4072103210034436,5.0
2026-03-31,0.5319485841312868,1.3374463092146431,-0.0022429209568286534,1.230758049364363,3.0
2026-04-01,0.5784274171039199,1.2152010601976981,-0.3617916075986489,1.4577251953803183,4.0
2026-04-02,-0.16713751785854367,0.8642206599798475,-0.2814163360600512,1.2593554505487539,7.0
2026-04-03,0.7914992848014424,0.9137001703553809,-0.11400291526491718,0.8564419342171726,6.0
2026-04-04,0.7939318558136549,0.7376862425522343,0.31296124903129874,0.6051950206836239,6.0
2026-04-05,0.3321987246242719,1.681806136033198,-0.9167004149134388,1.9844430609032362,4.0
2026-04-06,0.5161498470721053,0.5810351955812576,0.09024194712475817,0.6098171852502807,2.0
2026-04-07,-0.15079459159826897,0.5955346912202247,0.27118717622612487,1.174659247352617,8.0
2026-04-08,0.1936951230470599,0.8932575756111549,0.05261600599819507,0.9497275112371976,5.0
2026-04-09,-0.007466556970674633,0.8895294001212704,0.3656984541876044,0.7063638571156491,7.0
2026-04-10,-0.5068039332178829,1.3556563923207445,-0.07988196395824683,1.1664841875827792,5.0
2026-04-11,0.18415432973446272,0.4034464868472361,0.35596996628431254,0.6074507020366378,4.0
2026-04-12,-0.13588781557060547,1.2457419366469435,0.17272851433543862,1.534212247117354,8.0
2026-04-13,0.3136898166949439,0.37671415046310824,-0.007021779421188978,0.9431519428059345,4.0
2026-04-14,0.5052789999278189,0.9842370327962705,0.2651604850591719,0.5059770923154974,4.0
2026-04-15,0.4564470440961406,1.4530110475536813,0.0687852165594572,1.0925178189798905,5.0
2026-04-16,0.3494833553558254,0.513287944702324,0.023155534924095056,0.8875296477512334,7.0
2026-04-17,0.3244048875332737,0.5488266018968717,-0.8974254814199029,0.8681839357853484,6.0
2026-04-18,0.48959027822454226,1.0544300235401913,0.6072976887859223,0.23164842962758664,3.0
2026-04-19,0.517721652987058,1.5458207509926898,0.5621716927814763,0.8150995867355474,3.0
2026-04-20,0.6308703959140944,0.7472201863757068,0.18698321356338518,1.3546629638299619,14.0
2026-04-21,-0.0036241208504360534,0.9470424373463692,-0.13014073836090123,1.140376387323286,11.0
2026-04-22,-0.449927617594713,0.8607765895658271,-0.23080929081171925,1.1185616656780688,8.0
2026-04-23,0.13163154387480425,0.9256104443954252,-0.4622321345837302,0.7721518903560799,6.0
2026-04-24,-0.025984066756412356,0.6106992862802544,0.047353381367887803,0.9090935335984951,7.0
2026-04-25,0.3020845132270398,0.5917907402908383,0.13416988889236908,0.71690310902209,6.0
2026-04-26,-0.05308868776509818,0.5954166278566845,-0.8449271791569156,0.672447170097573,6.0
2026-04-27,0.0949483160934399,1.4084074875782222,-0.4089704575205928,0.7446270255818562,9.0
2026-04-28,-0.16751541191869707,1.6312268554879514,0.05618462983841173,0.9108555381690878,10.0
2026-04-29,-0.22752204079586055,0.45525337648418135,-0.4773296008999593,0.9660153831124211,6.0
2026-04-30,0.2627773071478625,0.880974255258176,-0.5390060088615636,0.9238603728830963,13.0
2026-05-01,0.2890325447538133,0.9789172920344231,0.05877526038626795,0.953611599849402,9.0
2026-05-02,-0.15466046351256732,0.6030100851744725,-0.31285880165638236,1.4142092112761195,7.0
2026-05-03,0.8020830204732178,1.7552986037526865,0.03325558388901837,1.4314874814039673,6.0
2026-05-04,0.6775096900887541,0.7996368082690192,0.25032111712810334,0.5469369420083008,11.0
2026-05-05,-0.24080483400813485,0.7163170455316425,-0.1552450421043724,0.8632384046415946,9.0
2026-05-06,-0.053181010650103194,0.9479547457441815,-0.24969187998173298,1.4938212377189772,8.0
2026-05-07,-0.1983454335105466,0.9341694302162612,-0.5190495632284222,0.6570329636046064,9.0
2026-05-08,-0.5570604764566474,0.4401183454624819,-1.2555266832443142,1.4732441668777148,4.0
2026-05-09,0.2229586659788637,0.9042797514734886,-0.6538129226487748,0.6487574323911097,4.0
2026-05-10,0.7328498060416327,1.7415916159497677,0.5970173104855816,0.28599068670808697,5.0
2026-05-11,-0.08507721232504856,0.551715104836221,-0.15971144728517855,0.576790866230754,4.0
2026-05-12,0.19789550784479176,0.8713294087817908,-0.34746144923734923,0.8195678934678429,11.0
2026-05-13,-0.4441058923731309,0.7495616072513722,-0.37476418171535353,1.3074979676150853,6.0
2026-05-14,-0.10145639693093071,1.105256369102463,0.2979052359209757,0.8519928001946652,14.0
2026-05-15,0.4976279419125583,0.9068840505856486,0.2312079652874319,1.4807639289101586,9.0
2026-05-16,0.01860250790894256,1.0563042134127718,0.22033377600359724,0.8154331128015785,7.0
2026-05-17,0.24470809190522158,1.280391398967033,-0.2092884961291972,0.8448293848814429,8.0
2026-05-18,0.21984698861500512,0.7964211793495365,0.3217397385207959,1.0794136616134795,14.0
2026-05-19,0.19950512399843046,0.6151419945054517,-0.6353155454461455,1.0925095283413853,12.0
2026-05-20,0.022251702911879247,0.65797148275396,-0.6159979858006948,0.6802895266652242,7.0
2026-05-21,0.07301573313758906,1.0312723575422376,0.10259655237271013,1.1571660888917836,12.0
2026-05-22,-0.7629031680076293,0.8872392828470834,0.812131251277091,0.9059572081095028,8.0
2026-05-23,0.5172379078608307,0.737815365480148,-0.2934415838407628,1.1751931895758758,8.0
2026-05-24,-0.03329595215658839,0.8477820413271026,-0.23092563299539698,1.985603531652672,5.0
2026-05-25,0.5315375703125836,1.115166712365241,0.22297271784965927,0.7910315316356963,5.0
2026-05-26,-0.20784300757627625,0.8171397861410398,-0.5081085200061047,1.0797481613919848,16.0
2026-05-27,-0.020066631098983878,0.8106381192479165,0.12353085346815203,1.0647901335807417,10.0
2026-05-28,0.4779235423097033,1.0892549231650603,0.12299344030540516,0.852726894947123,12.0
2026-05-29,0.15106465332875998,0.5965614637288997,0.0518069244426,0.9102433082628218,17.0
2026-05-30,-0.2684643070207468,0.7489039267072808,-0.21542569271160664,0.9216721340608567,13.0
2026-05-31,-0.5155664708552763,0.8889282815958633,-0.18456034743982253,0.5166113584700947,5.0
2026-06-01,0.0579857462660752,1.0794116968743896,0.3285897187593544,0.9617897343411796,10.0
2026-06-02,0.04718998604259058,0.592061800121523,-0.3627052184800364,0.5311075233359328,8.0
2026-06-03,0.2968490937090671,1.2616315508094376,-0.07534261992711598,1.4372131254348626,9.0
2026-06-04,0.2895961080895804,0.6961334282831212,-0.3298577349899139,1.3789251259125743,6.0
2026-06-05,0.7075460210251515,0.966426729075675,0.3008052027019663,1.3374765033539715,10.0
2026-06-06,0.026562484310341236,0.334037678408717,0.21275112935190166,0.3132285329084576,2.0
2026-06-07,1.6556538636215705,1.301295349104136,1.0308042781753533,0.9108968260028389,3.0
2026-06-08,0.24452338520008732,0.6678206516631109,-0.17978913570468202,0.6244522630461824,8.0
2026-06-09,-0.3362828674002143,0.9596494155599176,0.08882068629433493,0.780538852725302,10.0
2026-06-10,0.15944786207969328,0.9053437011771027,0.2460437301078931,0.8726154904216769,7.0
2026-06-11,0.05223623874655011,0.5918821042506055,0.15852783917595856,0.8728867203255153,12.0
2026-06-12,0.37068726045003936,1.018015049035358,0.41956917749369205,0.6613971910815681,9.0
2026-06-13,0.009222854318637516,0.6180170316309963,-0.005558972461610856,0.6297780826357182,7.0
2026-06-14,-0.26349916493749953,0.4928564255032983,0.5981520989614938,0.5917377800692323,6.0
2026-06-15,-0.4288947257388594,0.6694896788258647,0.10475871699623047,0.39058947749341577,6.0
2026-06-16,-0.09276973601333115,0.6211614804104457,0.2778040318897685,1.0656662234711198,7.0
2026-06-17,-0.07199241430487366,1.0579464968967522,-0.27175330646213103,1.1614233772880824,11.0
2026-06-18,-0.2793005180938051,0.9338041586559847,0.05147924893839141,1.0197673720353446,9.0
2026-06-19,-0.061348181629845455,0.7098140952581001,-0.04563627627460328,0.532096365963969,7.0
2026-06-20,0.6510187893047117,1.2033839796788914,0.4401806820480128,1.0778547580644453,4.0
2026-06-21,0.78995188049488,1.7350870329732795,0.3825570777737597,0.2597940690319312,3.0
2026-06-22,1.195216410877488,0.5099489289275678,1.0553758897204035,1.1529094290781667,4.0
2026-06-23,-0.6330106845914661,1.0853553549936181,-0.034424209151195005,0.4943172835898515,7.0
2026-06-24,0.2189537940302916,0.8514653567284636,-0.19559569764992032,0.9654069533008007,20.0
2026-06-25,0.21932710223472557,0.8571946645971386,0.4928337078306073,0.9092674400774726,18.0
2026-06-26,0.4113996515431041,0.8435863582875086,0.2642855910810239,0.6358246076375054,15.0
2026-06-27,0.9701705835628235,1.3952813271696276,0.28788183875508977,0.9609274665997135,8.0
2026-06-28,-0.4742390328409142,1.1380518001054236,-0.026097255733858876,0.7356582546969521,8.0
2026-06-29,0.3005195861498315,0.812956202821314,0.09854607907822721,0.7938573976291387,18.0
2026-06-30,0.25264150524617407,0.7247073538093571,0.4564582479630832,0.7242826468161548,11.0
2026-07-01,-0.1363503592666783,1.05720109967793,0.177067705983335,0.9110269937287717,14.0
2026-07-02,0.036046685683405,0.7004059466465513,-0.18811324161725318,0.5093310605347863,9.0
2026-07-03,0.7048997841736772,0.7723825103777089,0.19834796240262534,0.5007677629879752,7.0
2026-07-04,0.21558484087795515,0.405533687224576,-0.9010571778825058,1.00480682072533,3.0
2026-07-05,-0.06223965492389226,0.6249392012425913,-0.9074956357760435,1.2021756732456887,7.0
2026-07-06,-0.4687202535670394,0.5516126313563366,-0.19703144779524542,0.9757719515023039,13.0
2026-07-07,-0.6615350216546106,1.3093757628548246,0.17855013379352697,0.6023004647100345,11.0
2026-07-08,-0.14649520948173803,0.8638379201443599,-0.38821150826646755,0.8220530751147798,4.0
2026-07-09,0.029601629082179993,0.3745720682416817,-0.07499102534537996,0.40887966947206034,10.0
2026-07-10,-0.1722868163075682,0.398103685401423,0.059013225751632384,0.9256300624292247,8.0
2026-07-11,0.0602054338884111,0.47308821538900414,-0.04419859786053781,0.8537259755692412,7.0
2026-07-12,0.1577848774073496,0.36554328834328337,0.1273867259333046,0.5663561869290245,4.0
2026-07-13,0.23923676235283964,0.7344876099594302,0.06546794211351809,0.870013288392774,9.0
2026-07-14,-0.40050675867810404,1.0,-0.7638008665129323,1.0,1.0
2026-07-15,-0.040720515575628176,0.395788852675558,0.21321005566205134,0.3519583836274273,6.0
2026-07-16,0.012872892770745908,0.4919409106399219,-0.15640422195679685,0.3380411603341737,4.0
2026-07-17,-0.33809529168668023,0.5452861956216085,0.006794571796833626,0.7101795485700212,6.0
2026-07-18,-0.5545703059905743,0.26455979993692813,0.7275223524380406,0.8925332762273835,3.0
2026-07-19,-0.027961993028388067,0.765751558014101,-0.11348023178988088,1.183010934039816,8.0
2026-07-20,-0.2585169912527199,0.8811997844769963,0.06827439649269289,0.8949971588048745,9.0
2026-07-21,0.1003748657676789,0.9405061263620099,-0.250153243957248,0.6417689142817461,9.0
2026-07-22,-0.021450312691984053,1.097008371394654,0.18629684489693565,0.8660109226297424,4.0
2026-07-23,-0.19726960379102865,0.8299107999333662,-0.34361123041052943,0.9796069496450093,6.0
2026-07-24,0.16495988283123192,0.7208741682285177,-0.33944907558372445,0.26842644897955203,5.0
2026-07-25,-0.7891721493491327,0.26603715101837094,-0.9698260114431794,0.41950249943097023,2.0
2026-07-26,-0.22482737600570324,0.4040055451058255,-0.6054955602544357,0.7280650015478937,4.0
2026-07-27,0.18090863764148915,0.7981070310014106,-0.21117523486449172,0.2897417388975032,3.0
2026-07-28,-0.25364193068866947,1.2723268373804932,0.03472252053301726,0.48765674256565794,5.0
2026-07-29,-0.3703248092209054,0.3423341851340671,-0.07825567712918255,0.5774249822920322,5.0
2026-07-30,-0.5295142768370811,0.4345330607189981,-0.08736242731542515,0.7257208365716901,4.0
2026-07-31,-0.20209264463542317,0.8613706353303271,0.11671831095810675,0.6656141012095963,8.0
2026-08-01,0.6200470113672518,0.6707453996692947,0.1193542230993296,0.8345241376119941,5.0
2026-08-02,0.22090314935171682,0.6635768404419096,0.07563874720259516,0.829308896838986,7.0
2026-08-03,-0.06579000412419604,0.6162302640012065,0.4677018984671622,0.05748482575504648,3.0
2026-08-04,0.7095957852465355,1.202713696329625,0.2574333856554337,0.43419576069097626,3.0
2026-08-05,-0.5770605239358969,0.5938447616154968,0.6557231687132702,0.7047641990440299,2.0
2026-08-06,0.5360449270051307,0.4418924937031025,0.095339626742157,0.3237893610978209,2.0
2026-08-07,-0.1762325012245057,0.7998296803242324,-0.40528547312548935,0.8270211417463945,4.0
2026-08-08,0.4517230379446483,1.0,-1.0386448818439635,1.0,1.0
2026-08-09,-0.6495382359636227,0.4638045103867959,-0.9666763088482274,0.8109211860739568,3.0
2026-08-10,0.29422404945810576,1.0,-0.0954550840147832,1.0,1.0
2026-08-11,-0.5316621104297261,0.6353972800426193,-0.2694325945128842,0.9541701002512187,6.0
2026-08-12,-0.446714506122841,0.06415423777036493,-1.3287994048121212,0.0982830133001737,2.0
2026-08-13,-0.3309569144416947,0.32082090184616835,-1.0489949183993927,1.0381423225502149,5.0
2026-08-14,-0.4591795539448049,0.8928533591097005,0.02002315010773348,0.88689628791014,3.0
2026-08-15,-0.32576143957345366,0.7056973795300404,-0.41530277583104525,1.0746141977335535,6.0
2026-08-16,-0.24559972385566975,0.9195034332113453,0.14786394642585793,0.46339997976719527,8.0
2026-08-17,0.11430275242044945,1.0274817506347391,-0.1955615980735217,0.683666023588407,3.0
2026-08-18,0.20589975487625267,0.5258000493470545,-0.1933065733960188,0.05220475548474277,2.0
2026-08-19,0.4186438070876078,0.4668967167835975,-0.2189755547035588,0.7806096229465733,3.0
2026-08-20,0.1577848774073496,0.14846119040387418,-0.14716365262920977,0.03915356661355706,2.0
2026-08-21,0.5567009524222549,1.0,-0.09891134119877515,1.0,1.0
2026-08-22,0.32886692798310097,0.5843868123247552,0.7806674136842753,0.3722132164405751,2.0
2026-08-24,-0.19433434199056565,1.0,-0.5778931383573329,1.0,1.0
2026-08-25,-2.7147926005707967,1.0,2.5735907482210116,1.0,1.0
2026-08-26,0.48556368446226783,0.9414528758861058,0.16787861864739514,0.15952957092592826,2.0
2026-08-27,1.2300592895714748,1.0,0.7031844586448455,1.0,1.0
2026-08-28,-0.29744833441686,0.6355321599940942,-0.5406853927071626,1.053700911278114,4.0
2026-08-29,-0.8391037586711478,0.14943224424742627,0.4790489894866709,0.23984397118357076,2.0
2026-08-30,0.31375210130304343,0.8220652449180283,-0.35648810288414756,0.7190722611554122,6.0
2026-08-31,-0.6648442607148702,0.12215939042822291,-0.05400345741897794,0.31913280209991113,2.0
2026-09-01,-0.6098471831219119,1.9294341849554055,0.3029848778765186,0.5967544975954294,4.0
2026-09-03,-0.3316117726314397,1.1523410701168253,1.3891019207481856,0.9901698975477644,2.0
2026-09-04,0.2629490564309369,0.37291762888298435,-0.18495998309300246,0.29079914550740715,3.0
2026-09-05,-0.24440323650036422,1.0,0.1616942871527833,1.0,1.0
2026-09-08,0.4536317272987865,1.0,0.16409132199781296,1.0,1.0
2026-09-09,0.23263670985811433,1.0,0.21935618873416868,1.0,1.0
2026-09-10,-0.5770605239358971,1.0,0.15737962443173084,1.0,1.0
