,phrase,label,sentiment,subjectivity,language,count
Delhi,,,,,,
India,,,,,,
Delhi-NCR,,,,,,
Uttar Pradesh,,,,,,
North India,,,,,,
Rajasthan,,,,,,
Uttarakhand,,,,,,
Mumbai,,,,,,
Venezuela,,,,,,
Maharashtra,,,,,,
Gujarat,,,,,,
Himachal,,,,,,
Bihar,,,,,,
Haryana,,,,,,
Kashmir,,,,,,
Nepal,,,,,,
Punjab,,,,,,
Jammu,,,,,,
Pakistan,,,,,,
Madhya Pradesh,,,,,,
Kerala,,,,,,
Jharkhand,,,,,,
Lucknow,,,,,,
Japan,,,,,,
Europe,,,,,,
West Bengal,,,,,,
El Nino,,,,,,
America,,,,,,
Bengal,,,,,,
China,,,,,,
Monsoon,,,,,,
Pradesh,,,,,,
Tamil Nadu,,,,,,
Chhattisgarh,,,,,,
North-West India,,,,,,
Noida,,,,,,
Himachal Pradesh,,,,,,
North and Central India,,,,,,
Philippines,,,,,,
Spain,,,,,,
Shimla,,,,,,
the Bay of Bengal,,,,,,
Bangladesh,,,,,,
France,,,,,,
NCR,,,,,,
Delhi NCR,,,,,,
US,,,,,,
Iran,,,,,,
New Zealand,,,,,,
Central India,,,,,,
North,,,,,,
South India,,,,,,
Ghaziabad,,,,,,
Earth,,,,,,
Afghanistan,,,,,,
Indonesia,,,,,,
earth,,,,,,
Karnataka,,,,,,
Sikkim,,,,,,
UP,,,,,,
North-East,,,,,,
Arunachal,,,,,,
Northeast India,,,,,,
Kishtwar,,,,,,
Caracas,,,,,,
Northeast,,,,,,
Kolkata,,,,,,
Arunachal Pradesh,,,,,,
Ladakh,,,,,,
North-West,,,,,,
South,,,,,,
Britain,,,,,,
the Arabian Sea,,,,,,
Andhra Pradesh,,,,,,
Israel,,,,,,
Hamirpur,,,,,,
Argentina,,,,,,
Canada,,,,,,
ICC,,,,,,
Southwest Monsoon,,,,,,
Bollywood,,,,,,
North-Eastern,,,,,,
Safdarjung,,,,,,
Hyderabad,,,,,,
Ranchi,,,,,,
Ireland,,,,,,
monsoon,,,,,,
Ahmedabad,,,,,,
the Pacific Ocean,,,,,,
Varanasi,,,,,,
South Africa,,,,,,
Prayagraj,,,,,,
Agra,,,,,,
Nagpur,,,,,,
Bhotekoshi river,,,,,,
BJP,,,,,,
Mandi,,,,,,
Wayanad,,,,,,
East,,,,,,
Doda,,,,,,
Assam,,,,,,
England,,,,,,
Dubai,,,,,,
Nainital,,,,,,
Indore,,,,,,
Meghalaya,,,,,,
Bengaluru,,,,,,
Meerut,,,,,,
Odisha,,,,,,
Kanpur,,,,,,
North-East India,,,,,,
Jabalpur,,,,,,
the South-West Monsoon,,,,,,
Namchi,,,,,,
Kangra,,,,,,
Western Disturbance,,,,,,
North-West Bay,,,,,,
Udaipur,,,,,,
Vidarbha,,,,,,
Saharanpur,,,,,,
Kullu,,,,,,
Kasauli,,,,,,
Sirmaur,,,,,,
Central,,,,,,
Asia,,,,,,
Holi,,,,,,
Rasuwa,,,,,,
Athens,,,,,,
Chamba,,,,,,
Kutch,,,,,,
Hindi,,,,,,
New Jersey,,,,,,
Italy,,,,,,
North to South India,,,,,,
Goa,,,,,,
Chamoli,,,,,,
Chile,,,,,,
Srinagar,,,,,,
Chandigarh,,,,,,
Netherlands,,,,,,
Jhunjhunu,,,,,,
Telangana,,,,,,
Central Uttar Pradesh,,,,,,
Ajmer,,,,,,
Jamnagar,,,,,,
Bhadohi,,,,,,
Eastern India,,,,,,
Betwa river,,,,,,
New Delhi,,,,,,
Pune,,,,,,
New York,,,,,,
Gorakhpur,,,,,,
Kathmandu,,,,,,
Puducherry,,,,,,
monsoon rains,,,,,,
Central Maharashtra,,,,,,
Uttar,,,,,,
"North, Central",,,,,,
Bay of,,,,,,
Russia,,,,,,
Kochi,,,,,,
Peru,,,,,,
Myanmar,,,,,,
Akhnoor,,,,,,
Mindanao,,,,,,
Rajouri-Poonch,,,,,,
Aligarh,,,,,,
Kashmir Valley,,,,,,
Kabul,,,,,,
Hollywood,,,,,,
Manipur,,,,,,
UK,,,,,,
Jaisalmer,,,,,,
Gangtok,,,,,,
North Arabian Sea,,,,,,
Yemen,,,,,,
Muto,,,,,,
Australia,,,,,,
Germany,,,,,,
Mount Etna,,,,,,
North America,,,,,,
Dwarka,,,,,,
Karaikal,,,,,,
Africa,,,,,,
Rudraprayag,,,,,,
Delhi-,,,,,,
Lonavala,,,,,,
Seelampur,,,,,,
Chad,,,,,,
Tonk,,,,,,
North to South,,,,,,
Nandurbar,,,,,,
the Far West,,,,,,
Chitrakoot,,,,,,
Congo,,,,,,
Baramulla,,,,,,
Murrah buffalo,,,,,,
Wales,,,,,,
Kenya,,,,,,
Delhi-Rajasthan,,,,,,
Mayurbhanj,,,,,,
Arctic,,,,,,
Greece,,,,,,
Middle East,,,,,,
West,,,,,,
Dang,,,,,,
Birmingham,,,,,,
Kasganj,,,,,,
the Andaman Sea,,,,,,
"North, East",,,,,,
Solapur,,,,,,
Mexico,,,,,,
British Columbia,,,,,,
Bhutan,,,,,,
East India,,,,,,
the North-East,,,,,,
Imphal,,,,,,
Seattle,,,,,,
Baghpat,,,,,,
Rome,,,,,,
Mathura,,,,,,
Hapur,,,,,,
Amroha,,,,,,
Chennai,,,,,,
the Middle East,,,,,,
Barmer,,,,,,
Jammu-Kashmir,,,,,,
West Indies,,,,,,
Kailaliko Janaki Municipality,,,,,,
Roja,,,,,,
Colombo,,,,,,
North and,,,,,,
Guwahati,,,,,,
the Southwest Monsoon,,,,,,
Newark,,,,,,
Bandra,,,,,,
El Nino',,,,,,
NZ,,,,,,
West Asia,,,,,,
Hormuz,,,,,,
Bargi Dam,,,,,,
Chennai Super Kings,,,,,,
Delhi-Punjab,,,,,,
Sri Lanka,,,,,,
Mobile,,,,,,
Suliapada,,,,,,
Kargil,,,,,,
Hinatuan,,,,,,
Thane,,,,,,
Northeast Arabian Sea,,,,,,
Dublin,,,,,,
Bakulin,,,,,,
Nawalparasi East of Nepal,,,,,,
the Kemi river,,,,,,
Western Europe,,,,,,
Hindukush,,,,,,
North Bengal,,,,,,
Keyi Panyor,,,,,,
Keralam-Bengal,,,,,,
Caribbean,,,,,,
Narayani river,,,,,,
Alps,,,,,,
Lagvaira,,,,,,
Scandinavia,,,,,,
Baalveer,,,,,,
Morigaon,,,,,,
Karachi,,,,,,
South Bengal,,,,,,
Mount Everest,,,,,,
Faridabad,,,,,,
North Haryana,,,,,,
Jorhat,,,,,,
Bhad,,,,,,
Satna,,,,,,
green jersey,,,,,,
North-West Bengal,,,,,,
South Korea,,,,,,
West Monsoon,,,,,,
Gangetic West Bengal,,,,,,
Raipur,,,,,,
Everest,,,,,,
Himalayan river,,,,,,
Baroda,,,,,,
Simdega,,,,,,
the Ganga river,,,,,,
the Union Territories of Jammu,,,,,,
Arabian Sea,,,,,,
South-East,,,,,,
Kosi river,,,,,,
Vaibhav,,,,,,
Edgbaston,,,,,,
Dhading,,,,,,
acrobat Al-Kaka bin Anta,,,,,,
Harnai,,,,,,
Subansiri,,,,,,
Brahmaputra,,,,,,
Uttar Pradesh-Bihar,,,,,,
Motihari,,,,,,
Coldest Village of India,,,,,,
the Vijay Hazare Trophy,,,,,,
Thoothukudi,,,,,,
Azamgarh,,,,,,
the Hooghly river,,,,,,
​​Sagar Island,,,,,,
Mahishamari,,,,,,
Hooghly River,,,,,,
Leeds,,,,,,
Headingley,,,,,,
Katthiwada,,,,,,
Palu city,,,,,,
Sulawesi island,,,,,,
West-Central Bay,,,,,,
Kalingapatnam,,,,,,
Paraj,,,,,,
Chand Sali Ghat,,,,,,
Chicago,,,,,,
Krishna Nagar,,,,,,
the North-West,,,,,,
Upper Assam,,,,,,
Bandipora,,,,,,
Tule valley,,,,,,
Gurez,,,,,,
Karikichu,,,,,,
Raisina Hills,,,,,,
Singtam,,,,,,
Modi,,,,,,
Delhi-Mumbai,,,,,,
West India,,,,,,
Odisha-Kerala,,,,,,
Andes,,,,,,
Poonch,,,,,,
East Rutherford,,,,,,
Western Canada,,,,,,
Udhampur,,,,,,
Rajouri,,,,,,
Amarnath,,,,,,
Boh valley,,,,,,
Modinagar,,,,,,
Godrej Hill,,,,,,
Shahpur,,,,,,
Spokane Valley,,,,,,
Pinglapani,,,,,,
Karakoram,,,,,,
Gilgit-Baltistan,,,,,,
Washington,,,,,,
Gujarat-Maharashtra,,,,,,
North Chhattisgarh,,,,,,
North Odisha,,,,,,
Kyushu,,,,,,
Kumamoto,,,,,,
Tibet,,,,,,
Bopal,,,,,,
South Gujarat,,,,,,
Valsad,,,,,,
East Rajasthan,,,,,,
the Brahmaputra river,,,,,,
Abujhmad,,,,,,
Western India,,,,,,
Nagaland,,,,,,
Okanagan Lake,,,,,,
Summerland,,,,,,
Santa Claus,,,,,,
Bihar-UP,,,,,,
Jodhpur,,,,,,
Palghar,,,,,,
Hubei,,,,,,
Powai,,,,,,
East Madhya Pradesh,,,,,,
Delhi Monsoon,,,,,,
WMO,,,,,,
Khandala,,,,,,
Mankhurd,,,,,,
South-West Monsoon,,,,,,
North Arabia,,,,,,
Spokane County,,,,,,
Rimbi,,,,,,
Bajpur,,,,,,
northwest Bay,,,,,,
the North Arabian Sea,,,,,,
Munnar,,,,,,
Blinkit,,,,,,
Sicily,,,,,,
Rajgarh,,,,,,
Churu district,,,,,,
Patalganga river,,,,,,
Eastern UP,,,,,,
Parsi-Parlo Circle,,,,,,
Kumeya River,,,,,,
North-Eastern Bihar,,,,,,
Cloud zone,,,,,,
Rajasthan-Himachal,,,,,,
Shahjahanpur,,,,,,
Hisar,,,,,,
Sri Ganganagar,,,,,,
Kouvaras,,,,,,
Raigarh,,,,,,
Kala-azar,,,,,,
the Southwest Monsoon (Southwest Monsoon 2026,,,,,,
London,,,,,,
Bihar-East,,,,,,
Surat,,,,,,
UP-Uttarakhand,,,,,,
West London,,,,,,
Delhi-NCR's,,,,,,
West Sikkim,,,,,,
Bathinda,,,,,,
Tehri,,,,,,
Danapur,,,,,,
Greenland,,,,,,
Kesharganjma,,,,,,
Firozabad,,,,,,
Etah,,,,,,
Lakhimpur,,,,,,
Pilibhit,,,,,,
Ukraine,,,,,,
Rishikesh,,,,,,
Amritsar,,,,,,
the Strait of Hormuz,,,,,,
Delhi-Punjab-Haryana,,,,,,
Bhagirathpura,,,,,,
Sambhal,,,,,,
Hathras,,,,,,
Madhava,,,,,,
Vaishakh,,,,,,
Madhav,,,,,,
Gwalior,,,,,,
Moradabad,,,,,,
the North Molucca Sea,,,,,,
Jalna,,,,,,
Dhemaji,,,,,,
RCB,,,,,,
Bageshwar,,,,,,
Bhadohi district,,,,,,
May.,,,,,,
Rajya Sabha,,,,,,
Heat Map,,,,,,
Wankhede,,,,,,
East Central Railway,,,,,,
Biobio,,,,,,
Kamjong,,,,,,
Nuble,,,,,,
Yonaguni Island,,,,,,
Chankheli village,,,,,,
Taplejung,,,,,,
Sankhuwasabha,,,,,,
Bhojpur,,,,,,
Tehrithum,,,,,,
Himalayas,,,,,,
Yesvantpur,,,,,,
Jogbani,,,,,,
Supaul,,,,,,
Pudhu Vellai Mazai,,,,,,
Anantnag,,,,,,
Khairaphantma,,,,,,
Kamla Municipality,,,,,,
Gomtinagar-Bandra Terminus,,,,,,
New Chandigarh,,,,,,
Mullanpur,,,,,,
New Zealand's,,,,,,
Delhi city,,,,,,
Los Angeles,,,,,,
Balasore,,,,,,
Phalgun,,,,,,
Holika Dahan,,,,,,
Zaid,,,,,,
the Parliament of Israel,,,,,,
the Horn of Africa,,,,,,
Chatra,,,,,,
Kandy,,,,,,
Somalia,,,,,,
Gurdaspur,,,,,,
Darchulakav Nagu,,,,,,
Nagu,,,,,,
Kokernag,,,,,,
Dhamibada,,,,,,
Triveni Municipality,,,,,,
GRAP-2,,,,,,
Jaipur,,,,,,
North-West Delhi,,,,,,
Aceh province,,,,,,
Raisen,,,,,,
the Middle-East,,,,,,
Kanakasundari Municipality-2,,,,,,
Ishaan,,,,,,
Jewar,,,,,,
Gonda,,,,,,
Rajbari,,,,,,
Joshimath,,,,,,
the East Coast of America,,,,,,
Nashik,,,,,,
Texas,,,,,,
Sarbal,,,,,,
Ganderbal,,,,,,
Kota,,,,,,
Khargone,,,,,,
Bhabanipur,,,,,,
Itanagar Capital Region,,,,,,
Orient,,,,,,
Kamchatka,,,,,,
Itanagar,,,,,,
Sinthan,,,,,,
Tata,,,,,,
Ellora,,,,,,
Kashmir-Himachal,,,,,,
Rubaya,,,,,,
Haridwar,,,,,,
Giridih,,,,,,
Mahanadi,,,,,,
Jagdalpur,,,,,,
Pondok Balik,,,,,,
Bambi,,,,,,
North Kolkata,,,,,,
Munger,,,,,,
East Champaran,,,,,,
West Champaran,,,,,,
Narayanbagad,,,,,,
Vikasnagar,,,,,,
Tuni Devghar,,,,,,
matka,,,,,,
Sriganganagar of Rajasthan,,,,,,
Banda,,,,,,
Bhiwandi city,,,,,,
Bhiwandi,,,,,,
Brahmapuri,,,,,,
Diamond Harbor,,,,,,
Bundelkhand,,,,,,
South Block,,,,,,
Guizhou province,,,,,,
Guanxi,,,,,,
the Thar Desert,,,,,,
UP-Haryana,,,,,,
Bastar,,,,,,
Nandavansh,,,,,,
Boilyuganj,,,,,,
Vietnam,,,,,,
Gurugram of Haryana,,,,,,
Balochistan,,,,,,
southwest monsoon,,,,,,
Andheri,,,,,,
Bhojpuri,,,,,,
Doda-Kishtwar,,,,,,
​​Doda,,,,,,
Thathri,,,,,,
Jammu Kashmir,,,,,,
Lakshadweep,,,,,,
Mahe,,,,,,
Interior Karnataka,,,,,,
The Southwest Monsoon,,,,,,
Nicobar,,,,,,
Andaman,,,,,,
Lohia Nagar,,,,,,
Narhera,,,,,,
Bundelkhand region,,,,,,
the Betwa river,,,,,,
Himachal Pradesh's,,,,,,
Mainpuri,,,,,,
Colosseum,,,,,,
Quingzhou,,,,,,
Katihar,,,,,,
Alaska,,,,,,
Ghabara village,,,,,,
Poonjar,,,,,,
Cantt,,,,,,
Narmada,,,,,,
the Narmada river,,,,,,
Khamaria Island,,,,,,
the Bargi Dam,,,,,,
the Narmada River,,,,,,
Jalandhar,,,,,,
Narmada river,,,,,,
North East Delhi,,,,,,
East Delhi,,,,,,
BJP-TMC,,,,,,
Ganga,,,,,,
Durgapur,,,,,,
Nagarfort,,,,,,
Ratanpura,,,,,,
Ganga-Brahmaputra,,,,,,
Guangxi province,,,,,,
Quinzhou,,,,,,
Bhawanipur,,,,,,
Will Delhi-NCR,,,,,,
the Indian Ocean,,,,,,
Downdetector,,,,,,
Malaysia,,,,,,
Magadha,,,,,,
Afslootdike Dam,,,,,,
Dutch Dam,,,,,,
the Magadha Empire,,,,,,
Andaman Sea,,,,,,
the South-West Monsoon (Monsoon 2026,,,,,,
Brazil,,,,,,
Zomato,,,,,,
Bhamora,,,,,,
Kaushambi,,,,,,
Dimona,,,,,,
Ballia,,,,,,
Bihar-Jharkhand,,,,,,
Southern Africa,,,,,,
Central America,,,,,,
Negev,,,,,,
the Bay of,,,,,,
IMD,,,,,,
Punjab province,,,,,,
Lahore,,,,,,
Janmashtami,,,,,,
